"sentiment","sentiment_percentage"
0,16.4656681579459249
1,83.5343318420540751
