"sentiment","average_star_rating"
0,2.1000196889151408
1,4.7769239725229945
