"star_rating","total_reviews","reviews_with_helpful_votes","total_helpful_votes","helpfulness_ratio"
1,3416,1152,8882,0.36090881534534915453
2,2310,642,3000,0.42829877998765189863
3,4432,728,2000,0.37967631418653352851
4,11496,914,3306,0.63770463693476975534
5,40038,2206,25158,0.59053401755540526325
